,date,symbol,reportedCurrency,cik,fillingDate,acceptedDate,calendarYear,period,cashAndCashEquivalents,shortTermInvestments,cashAndShortTermInvestments,netReceivables,inventory,otherCurrentAssets,totalCurrentAssets,propertyPlantEquipmentNet,goodwill,intangibleAssets,goodwillAndIntangibleAssets,longTermInvestments,taxAssets,otherNonCurrentAssets,totalNonCurrentAssets,otherAssets,totalAssets,accountPayables,shortTermDebt,taxPayables,deferredRevenue,otherCurrentLiabilities,totalCurrentLiabilities,longTermDebt,deferredRevenueNonCurrent,deferredTaxLiabilitiesNonCurrent,otherNonCurrentLiabilities,totalNonCurrentLiabilities,otherLiabilities,capitalLeaseObligations,totalLiabilities,preferredStock,commonStock,retainedEarnings,accumulatedOtherComprehensiveIncomeLoss,othertotalStockholdersEquity,totalStockholdersEquity,totalEquity,totalLiabilitiesAndStockholdersEquity,minorityInterest,totalLiabilitiesAndTotalEquity,totalInvestments,totalDebt,netDebt,link,finalLink
0,2022-12-31,ATVI,USD,0000718877,2023-02-23,2023-02-23 16:25:20,2022,FY,7060000000,4932000000,11992000000,1204000000,0,1273000000,14469000000,193000000,9929000000,1083000000,11012000000,0,1201000000.0,508000000,12914000000,0,27383000000,324000000,0,0,2088000000,1143000000,3555000000,3611000000,158000000.0,158000000,658000000,4585000000,0,0,8140000000,0,0,13171000000,-625000000.0,6697000000,19243000000,19243000000,27383000000,0,27383000000,4932000000,3611000000,-3449000000,https://www.sec.gov/Archives/edgar/data/718877/000162828023004842/0001628280-23-004842-index.htm,https://www.sec.gov/Archives/edgar/data/718877/000162828023004842/atvi-20221231.htm
1,2022-12-02,ADBE,USD,0000796343,2023-01-17,2023-01-17 16:34:00,2022,FY,4236000000,1860000000,6096000000,2065000000,0,835000000,8996000000,2315000000,12787000000,1449000000,14236000000,0,777000000.0,841000000,18169000000,0,27165000000,379000000,587000000,75000000,5297000000,1865000000,8128000000,4046000000,117000000.0,28000000,795000000,4986000000,0,504000000,13114000000,0,0,28319000000,-293000000.0,-13975000000,14051000000,14051000000,27165000000,0,27165000000,1860000000,4633000000,397000000,https://www.sec.gov/Archives/edgar/data/796343/000079634323000007/0000796343-23-000007-index.htm,https://www.sec.gov/Archives/edgar/data/796343/000079634323000007/adbe-20221202.htm
2,2022-06-30,ADP,USD,0000008670,2022-08-03,2022-08-03 14:16:38,2022,FY,1436300000,0,1436300000,3170600000,49569200000,628800000,54804900000,1103500000,2300500000,1333100000,3633600000,0,67000000.0,3459200000,8263300000,0,63068200000,110200000,136400000,38400000,188200000,54723900000,55158700000,3358000000,335000000.0,67000000,924200000,4684200000,0,370900000,59842900000,0,63900000,20696300000,-1993700000.0,-15541200000,3225300000,3225300000,63068200000,0,63068200000,0,3494400000,2058100000,https://www.sec.gov/Archives/edgar/data/8670/000000867022000038/0000008670-22-000038-index.htm,https://www.sec.gov/Archives/edgar/data/8670/000000867022000038/adp-20220630.htm
3,2022-12-31,ABNB,USD,0001559720,2023-02-17,2023-02-17 16:07:04,2022,FY,7378000000,2244000000,9622000000,4783000000,0,456000000,14861000000,259000000,650000000,34000000,684000000,0,0.0,234000000,1177000000,0,16038000000,137000000,59000000,418000000,1182000000,6600000000,7978000000,2282000000,0.0,0,218000000,2500000000,0,354000000,10478000000,0,0,-5965000000,-32000000.0,11557000000,5560000000,5560000000,16038000000,0,16038000000,2244000000,2341000000,-5037000000,https://www.sec.gov/Archives/edgar/data/1559720/000155972023000003/0001559720-23-000003-index.htm,https://www.sec.gov/Archives/edgar/data/1559720/000155972023000003/abnb-20221231.htm
4,2022-12-31,ALGN,USD,0001097149,2023-02-27,2023-02-27 16:05:31,2022,FY,942050000,57534000,999584000,859685000,338752000,226370000,2424391000,1350735000,407551000,95720000,503271000,41978000,1571746000.0,55826000,3523556000,0,5947947000,127870000,26574000,74323000,1343643000,427800000,1925887000,100334000,0.0,0,320368000,420702000,0,100334000,2346589000,0,8000,2566688000,-10284000.0,1044946000,3601358000,3601358000,5947947000,0,5947947000,99512000,126908000,-815142000,https://www.sec.gov/Archives/edgar/data/1097149/000109714923000013/0001097149-23-000013-index.htm,https://www.sec.gov/Archives/edgar/data/1097149/000109714923000013/algn-20221231.htm
5,2022-12-31,GOOGL,USD,0001652044,2023-02-03,2023-02-02 21:23:45,2022,FY,21879000000,91883000000,113762000000,40258000000,2670000000,8105000000,164795000000,127049000000,28960000000,2084000000,31044000000,30492000000,5261000000.0,6623000000,200469000000,0,365264000000,5128000000,2477000000,9258000000,3908000000,57787000000,69300000000,27202000000,599000000.0,514000000,11505000000,39820000000,0,12501000000,109120000000,-68184000000,68184000000,195563000000,-7603000000.0,68184000000,256144000000,256144000000,365264000000,0,365264000000,122375000000,29679000000,7800000000,https://www.sec.gov/Archives/edgar/data/1652044/000165204423000016/0001652044-23-000016-index.htm,https://www.sec.gov/Archives/edgar/data/1652044/000165204423000016/goog-20221231.htm
6,2022-12-31,GOOG,USD,0001652044,2023-02-03,2023-02-02 21:23:45,2022,FY,21879000000,91883000000,113762000000,40258000000,2670000000,8105000000,164795000000,127049000000,28960000000,2084000000,31044000000,30492000000,5261000000.0,6623000000,200469000000,0,365264000000,5128000000,2477000000,9258000000,3908000000,57787000000,69300000000,27202000000,599000000.0,514000000,11505000000,39820000000,0,12501000000,109120000000,-68184000000,68184000000,195563000000,-7603000000.0,68184000000,256144000000,256144000000,365264000000,0,365264000000,122375000000,29679000000,7800000000,https://www.sec.gov/Archives/edgar/data/1652044/000165204423000016/0001652044-23-000016-index.htm,https://www.sec.gov/Archives/edgar/data/1652044/000165204423000016/goog-20221231.htm
7,2022-12-31,AMZN,USD,0001018724,2023-02-03,2023-02-02 18:27:34,2022,FY,53888000000,16138000000,70026000000,42360000000,34405000000,0,146791000000,252838000000,20288000000,0,20288000000,0,0.0,42758000000,315884000000,0,462675000000,79600000000,0,0,13227000000,62566000000,155393000000,140118000000,0.0,0,21121000000,161239000000,0,72968000000,316632000000,0,108000000,83193000000,-4487000000.0,67229000000,146043000000,146043000000,462675000000,0,462675000000,16138000000,140118000000,86230000000,https://www.sec.gov/Archives/edgar/data/1018724/000101872423000004/0001018724-23-000004-index.htm,https://www.sec.gov/Archives/edgar/data/1018724/000101872423000004/amzn-20221231.htm
8,2022-12-31,AMD,USD,0000002488,2023-02-27,2023-02-27 16:20:39,2022,FY,4835000000,1020000000,5855000000,4128000000,3771000000,1265000000,15019000000,1973000000,24177000000,24118000000,48295000000,83000000,58000000.0,2152000000,52561000000,0,67580000000,2493000000,312000000,0,859000000,2705000000,6369000000,2863000000,0.0,1934000000,1664000000,6461000000,0,396000000,12830000000,0,16000000,-131000000,-41000000.0,54906000000,54750000000,54750000000,67580000000,0,67580000000,1103000000,3175000000,-1660000000,https://www.sec.gov/Archives/edgar/data/2488/000000248823000047/0000002488-23-000047-index.htm,https://www.sec.gov/Archives/edgar/data/2488/000000248823000047/amd-20221231.htm
9,2022-12-31,AEP,USD,0000004904,2023-02-23,2023-02-23 08:24:42,2022,FY,509400000,187500000,696900000,2669700000,1302100000,1457100000,9418700000,71927900000,52500000,0,52500000,3787200000,8493299999.999999,-210200000,84050700000,0,93469400000,2613000000,6222000000,1672800000,370000000,5362400000,14567400000,34178300000,8493299999.999999,8493300000,3614700000,54779600000,0,665500000,69347000000,0,3413100000,12345600000,83700000.0,8051000000,23893400000,23893400000,93469400000,229000000,93469400000,3974700000,40400300000,39890900000,https://www.sec.gov/Archives/edgar/data/4904/000000490423000011/0000004904-23-000011-index.htm,https://www.sec.gov/Archives/edgar/data/4904/000000490423000011/aep-20221231.htm
10,2022-12-31,AMGN,USD,0000318154,2023-02-09,2023-02-09 16:26:31,2022,FY,7629000000,1676000000,9305000000,5563000000,4930000000,2388000000,22186000000,5427000000,15529000000,16080000000,31609000000,0,0.0,5899000000,42935000000,0,65121000000,1572000000,1591000000,1195000000,0,12524000000,15687000000,37354000000,0.0,0,8419000000,45773000000,0,0,61460000000,0,32514000000,-28622000000,-231000000.0,0,3661000000,3661000000,65121000000,0,65121000000,1676000000,38945000000,31316000000,https://www.sec.gov/Archives/edgar/data/318154/000031815423000017/0000318154-23-000017-index.htm,https://www.sec.gov/Archives/edgar/data/318154/000031815423000017/amgn-20221231.htm
11,2022-10-29,ADI,USD,0000006281,2022-11-22,2022-11-22 16:02:20,2022,FY,1470572000,0,1470572000,1800462000,1399914000,267044000,4937992000,2401304000,26913134000,13265406000,40178540000,122285000,2264888000.0,397341000,45364358000,0,50302350000,582160000,53628000,288660000,0,1806867000,2442655000,6548625000,0.0,3622538000,1223209000,11394372000,0,53628000,13837027000,0,84880000,8721325000,-198152000.0,27857270000,36465323000,36465323000,50302350000,0,50302350000,122285000,6548625000,5078053000,https://www.sec.gov/Archives/edgar/data/6281/000000628122000250/0000006281-22-000250-index.htm,https://www.sec.gov/Archives/edgar/data/6281/000000628122000250/adi-20221029.htm
12,2022-12-31,ANSS,USD,0001013462,2023-02-22,2023-02-22 16:38:20,2022,FY,614391000,183000,614574000,760287000,-51159000,51159000,1374861000,209978000,3658267000,809183000,4467450000,0,84515000.0,551141000,5313084000,0,6687945000,14021000,0,49510000,413989000,-14021000,413989000,753574000,58126000.0,58126000,538279000,1408105000,0,112802000,1822094000,0,953000,4782930000,-122722000.0,204690000,4865851000,4865851000,6687945000,0,6687945000,183000,753574000,139183000,https://www.sec.gov/Archives/edgar/data/1013462/000101346223000013/0001013462-23-000013-index.htm,https://www.sec.gov/Archives/edgar/data/1013462/000101346223000013/anss-20221231.htm
13,2022-09-24,AAPL,USD,0000320193,2022-10-28,2022-10-27 18:01:14,2022,FY,23646000000,24658000000,48304000000,60932000000,4946000000,21223000000,135405000000,42117000000,0,0,0,120805000000,0.0,54428000000,217350000000,0,352755000000,64115000000,21110000000,0,7912000000,60845000000,153982000000,98959000000,0.0,0,49142000000,148101000000,0,0,302083000000,0,64849000000,-3068000000,-11109000000.0,0,50672000000,50672000000,352755000000,0,352755000000,145463000000,120069000000,96423000000,https://www.sec.gov/Archives/edgar/data/320193/000032019322000108/0000320193-22-000108-index.htm,https://www.sec.gov/Archives/edgar/data/320193/000032019322000108/aapl-20220924.htm
14,2022-10-30,AMAT,USD,0000006951,2022-12-16,2022-12-16 16:50:05,2022,FY,1995000000,586000000,2581000000,6068000000,5932000000,1344000000,15925000000,2307000000,3700000000,339000000,4039000000,1980000000,2475000000.0,0,10801000000,0,26726000000,1755000000,85000000,349000000,3142000000,2397000000,7379000000,5457000000,0.0,0,1696000000,7153000000,0,372000000,14532000000,0,8000000,37892000000,-202000000.0,-25504000000,12194000000,12194000000,26726000000,0,26726000000,2566000000,5542000000,3547000000,https://www.sec.gov/Archives/edgar/data/6951/000000695122000043/0000006951-22-000043-index.htm,https://www.sec.gov/Archives/edgar/data/6951/000000695122000043/amat-20221030.htm
15,2022-12-31,ASML,EUR,0000937966,2022-12-31,2022-12-30 19:00:00,2022,FY,7268300000,107700000,7376000000,7047000000,7199700000,266400000,22549600000,4136900000,4577100000,3345700000,7922800000,923600000,2188900000.0,1104200000,16276400000,0,38826000000,2563500000,746200000,315300000,12481000000,1971900000,17762600000,3514200000,5269900000.0,538400000,454900000,9777400000,0,0,27540000000,0,36300000,8697700000,2761700000.0,-209700000,11286000000,11286000000,38826000000,0,38826000000,1031300000,4260400000,-3007900000,,
16,2022-12-31,AZN,USD,0000901832,2022-12-31,2022-12-30 19:00:00,2022,FY,6166000000,239000000,6405000000,0,4699000000,11489000000,22593000000,9449000000,19820000000,39307000000,59127000000,903000000,3263000000.0,1148000000,73890000000,0,96483000000,19040000000,5542000000,896000000,0,1711000000,26293000000,23690000000,14000000.0,2944000000,6484000000,33132000000,0,953000000,59425000000,0,387000000,-574000000,0.0,37224000000,37037000000,37037000000,96483000000,21000000,96483000000,1142000000,29232000000,23066000000,,
17,2022-06-30,TEAM,USD,0001650372,2022-06-30,2022-06-29 20:00:00,2022,FY,1385265000,73294000,1458559000,308668000,127507000,4520000,1899254000,365882000,732666000,100840000,833506000,159064000,42760000.0,60740000,1461952000,0,3361206000,404908000,40638000,26367000,1066059000,82451000,1594056000,1273853000,116621000.0,26457000,14616000,1431547000,0,315072000,3025603000,0,25485000,-2428575000,2223820000.0,514873000,335603000,335603000,3361206000,0,3361206000,232358000,1314491000,-70774000,,
18,2023-01-31,ADSK,USD,0000769397,2023-03-14,2023-03-14 16:23:47,2023,FY,1947000000,125000000,2072000000,961000000,0,308000000,3341000000,389000000,3625000000,407000000,4032000000,102000000,1014000000.0,560000000,6097000000,0,9438000000,102000000,85000000,33000000,3203000000,610000000,4000000000,2581000000,1377000000.0,32000000,303000000,4293000000,0,385000000,8293000000,0,3325000000,-1995000000,-185000000.0,0,1145000000,1145000000,9438000000,0,9438000000,227000000,2666000000,719000000,https://www.sec.gov/Archives/edgar/data/769397/000076939723000036/0000769397-23-000036-index.htm,https://www.sec.gov/Archives/edgar/data/769397/000076939723000036/adsk-20230131.htm
19,2022-12-31,BKR,USD,0001701605,2023-02-14,2023-02-14 16:16:46,2022,FY,2488000000,0,2488000000,5958000000,4587000000,1559000000,14592000000,4538000000,5930000000,4180000000,10110000000,0,657000000.0,4284000000,19589000000,0,34181000000,4298000000,677000000,0,3822000000,2278000000,11075000000,5980000000,229000000.0,229000000,2143000000,8581000000,0,0,19656000000,0,1006000000,-10761000000,-2971000000.0,27251000000,14525000000,14525000000,34312000000,131000000,34312000000,0,6657000000,4169000000,https://www.sec.gov/Archives/edgar/data/1701605/000170160523000044/0001701605-23-000044-index.htm,https://www.sec.gov/Archives/edgar/data/1701605/000170160523000044/bkr-20221231.htm
20,2022-12-31,BIIB,USD,0000875045,2023-02-15,2023-02-15 16:24:20,2022,FY,3419300000,1473500000,4892800000,2136400000,1344400000,1417600000,9791200000,3702500000,5749000000,1850100000,7599100000,2234900000,1226400000.0,0,14762900000,0,24554100000,491500000,0,259900000,0,2781300000,3272800000,6614000000,0.0,334700000,944200000,7892900000,0,333000000,11165700000,0,100000,16466500000,-164900000.0,-2913300000,13388400000,13388400000,24544600000,-9500000,24544600000,2179200000,6614000000,3194700000,https://www.sec.gov/Archives/edgar/data/875045/000087504523000009/0000875045-23-000009-index.htm,https://www.sec.gov/Archives/edgar/data/875045/000087504523000009/biib-20221231.htm
21,2022-12-31,BKNG,USD,0001075531,2023-02-23,2023-02-23 17:20:46,2022,FY,12221000000,175000000,12396000000,2229000000,477000000,696000000,15798000000,1314000000,2807000000,1829000000,4636000000,2789000000,685000000.0,139000000,9563000000,0,25361000000,2507000000,500000000,0,2223000000,3244000000,8474000000,12537000000,0.0,685000000,883000000,14105000000,0,552000000,22579000000,0,0,27541000000,-267000000.0,-24492000000,2782000000,2782000000,25361000000,0,25361000000,2964000000,13037000000,816000000,https://www.sec.gov/Archives/edgar/data/1075531/000107553123000016/0001075531-23-000016-index.htm,https://www.sec.gov/Archives/edgar/data/1075531/000107553123000016/bkng-20221231.htm
22,2022-10-30,AVGO,USD,0001730168,2022-12-16,2022-12-16 16:21:52,2022,FY,12416000000,0,12416000000,2958000000,1925000000,1205000000,18504000000,2223000000,43614000000,7111000000,50725000000,0,0.0,1797000000,54745000000,0,73249000000,998000000,440000000,680000000,2931000000,2683000000,7052000000,39075000000,410000000.0,0,4003000000,43488000000,0,59000000,50540000000,0,0,1604000000,-54000000.0,21159000000,22709000000,22709000000,73249000000,0,73249000000,0,39515000000,27099000000,https://www.sec.gov/Archives/edgar/data/1730168/000173016822000118/0001730168-22-000118-index.htm,https://www.sec.gov/Archives/edgar/data/1730168/000173016822000118/avgo-20221030.htm
23,2022-12-31,CDNS,USD,0000813672,2023-02-13,2023-02-13 16:16:13,2022,FY,882325000,0,882325000,486710000,128005000,209727000,1706767000,371451000,1374268000,354617000,1728885000,119997000,853691000.0,356280000,3430304000,0,5137071000,0,100000000,0,690538000,557158000,1347696000,648078000,91524000.0,0,304660000,1044262000,0,139337000,2391958000,0,2765673000,3895240000,-91637000.0,-3824163000,2745113000,2745113000,5137071000,0,5137071000,119997000,748078000,-134247000,https://www.sec.gov/Archives/edgar/data/813672/000081367223000011/0000813672-23-000011-index.htm,https://www.sec.gov/Archives/edgar/data/813672/000081367223000011/cdns-20221231.htm
24,2022-12-31,CHTR,USD,0001091667,2023-01-27,2023-01-27 07:04:46,2022,FY,645000000,0,645000000,2921000000,0,451000000,4017000000,36039000000,29563000000,70135000000,99698000000,0,19058000000.0,-14289000000,140506000000,0,144523000000,952000000,1510000000,667000000,511000000,9092000000,12065000000,96093000000,0.0,19058000000,4758000000,119909000000,0,295000000,131974000000,0,0,-14821000000,0.0,23940000000,9119000000,9119000000,144523000000,3430000000,144523000000,0,97603000000,96958000000,https://www.sec.gov/Archives/edgar/data/1091667/000109166723000024/0001091667-23-000024-index.htm,https://www.sec.gov/Archives/edgar/data/1091667/000109166723000024/chtr-20221231.htm
25,2022-05-31,CTAS,USD,0000723254,2022-07-27,2022-07-27 14:21:24,2022,FY,90471000,0,90471000,1027928000,1388856000,124728000,2631983000,1493676000,3042976000,391638000,3434614000,242873000,473777000.0,-129667000,5515273000,0,8147256000,251504000,355446000,21708000,473777000,352163000,1432890000,2612996000,0.0,473777000,319397000,3406170000,0,172936000,4839060000,0,1771917000,8719163000,107917000.0,-7290801000,3308196000,3308196000,8147256000,0,8147256000,242873000,2968442000,2877971000,https://www.sec.gov/Archives/edgar/data/723254/000072325422000019/0000723254-22-000019-index.htm,https://www.sec.gov/Archives/edgar/data/723254/000072325422000019/ctas-20220531.htm
26,2022-07-30,CSCO,USD,0000858877,2022-09-08,2022-09-08 16:47:54,2022,FY,7079000000,12188000000,19267000000,10527000000,2568000000,4355000000,36717000000,1997000000,38304000000,2569000000,40873000000,0,4449000000.0,9966000000,57285000000,0,94002000000,2281000000,1099000000,961000000,12784000000,9476000000,25640000000,8416000000,10480000000.0,0,9693000000,28589000000,0,0,54229000000,0,42714000000,-1319000000,-1622000000.0,0,39773000000,39773000000,94002000000,0,94002000000,12188000000,9515000000,2436000000,https://www.sec.gov/Archives/edgar/data/858877/000085887722000013/0000858877-22-000013-index.htm,https://www.sec.gov/Archives/edgar/data/858877/000085887722000013/csco-20220730.htm
27,2022-12-31,CTSH,USD,0001058290,2023-02-15,2023-02-15 16:54:55,2022,FY,2191000000,310000000,2501000000,3796000000,0,969000000,7266000000,1977000000,5710000000,1168000000,6878000000,427000000,642000000.0,662000000,10586000000,0,17852000000,360000000,182000000,217000000,398000000,2407000000,3347000000,1352000000,19000000.0,180000000,645000000,2196000000,0,888000000,5543000000,0,5000000,12588000000,-299000000.0,15000000,12309000000,12309000000,17852000000,0,17852000000,737000000,1534000000,-657000000,https://www.sec.gov/Archives/edgar/data/1058290/000105829023000027/0001058290-23-000027-index.htm,https://www.sec.gov/Archives/edgar/data/1058290/000105829023000027/ctsh-20221231.htm
28,2022-12-31,CMCSA,USD,0001166691,2023-02-03,2023-02-03 12:15:04,2022,FY,4749000000,0,4749000000,12672000000,0,4405000000,21826000000,55485000000,58494000000,101233000000,159727000000,7740000000,28714000000.0,-16217000000,235449000000,0,257275000000,12544000000,1743000000,0,2380000000,11220000000,27887000000,93068000000,0.0,28714000000,25568000000,147350000000,0,0,175237000000,0,51000000,51609000000,-2611000000.0,31894000000,80943000000,80943000000,257275000000,1095000000,257275000000,7740000000,94811000000,90062000000,https://www.sec.gov/Archives/edgar/data/1166691/000116669123000010/0001166691-23-000010-index.htm,https://www.sec.gov/Archives/edgar/data/1166691/000116669123000010/cmcsa-20221231.htm
29,2022-12-31,CEG,USD,0001868275,2023-02-16,2023-02-16 11:04:17,2022,FY,422000000,-14114000000,422000000,3316000000,1505000000,1643000000,9360000000,19822000000,0,0,0,14316000000,44000000.0,3367000000,37549000000,0,46909000000,2828000000,1302000000,0,0,3709000000,7839000000,4466000000,0.0,3031000000,20201000000,27698000000,0,0,35537000000,-1800000000,13274000000,-496000000,-1760000000.0,1800000000,11018000000,11018000000,46909000000,354000000,46909000000,202000000,5768000000,5346000000,https://www.sec.gov/Archives/edgar/data/1868275/000186827523000014/0001868275-23-000014-index.htm,https://www.sec.gov/Archives/edgar/data/1168165/000186827523000014/ceg-20221231.htm
30,2022-07-31,CPRT,USD,0000900075,2022-09-27,2022-09-27 16:27:24,2022,FY,1384236000,0,1384236000,628455000,58791000,130973000,2202455000,2602067000,401954000,54680000,456634000,0,0.0,47708000,3106409000,0,5308864000,399034000,21794000,6906000,20061000,0,440889000,97679000,80060000.0,80060000,-15423000,242376000,0,117477000,683265000,0,24000,3956408000,-169365000.0,838532000,4625599000,4625599000,5308864000,0,5308864000,0,119473000,-1264763000,https://www.sec.gov/Archives/edgar/data/900075/000090007522000050/0000900075-22-000050-index.htm,https://www.sec.gov/Archives/edgar/data/900075/000090007522000050/cprt-20220731.htm
31,2022-12-31,CSGP,USD,0001057352,2023-02-22,2023-02-22 16:33:56,2022,FY,4967970000,0,4967970000,153945000,0,63952000,5185867000,401642000,2314759000,329306000,2644065000,0,9722000.0,161174000,3216603000,0,8402470000,28460000,36049000,10438000,103567000,204539000,372615000,1069531000,76202000.0,76202000,-62201000,1159734000,0,116370000,1532349000,0,4066000,1829619000,-29075000.0,5065511000,6870121000,6870121000,8402470000,0,8402470000,0,1105580000,-3862390000,https://www.sec.gov/Archives/edgar/data/1057352/000105735223000030/0001057352-23-000030-index.htm,https://www.sec.gov/Archives/edgar/data/1057352/000105735223000030/csgp-20221231.htm
32,2022-08-28,COST,USD,0000909832,2022-10-05,2022-10-04 21:59:05,2022,FY,10203000000,846000000,11049000000,2241000000,17907000000,1499000000,32696000000,27420000000,0,0,0,0,0.0,4050000000,31470000000,0,64166000000,17848000000,73000000,0,0,14077000000,31998000000,8966000000,0.0,0,2555000000,11521000000,0,2482000000,43519000000,0,2000000,15585000000,-1829000000.0,6884000000,20642000000,20642000000,64166000000,5000000,64166000000,846000000,9039000000,-1164000000,https://www.sec.gov/Archives/edgar/data/909832/000090983222000021/0000909832-22-000021-index.htm,https://www.sec.gov/Archives/edgar/data/909832/000090983222000021/cost-20220828.htm
33,2023-01-31,CRWD,USD,0001535527,2023-03-09,2023-03-08 19:41:08,2023,FY,2455369000,250000000,2705369000,626181000,186855000,121862000,3640267000,532271000,430645000,86889000,517534000,47270000,0.0,289198000,1386273000,0,5026540000,45372000,13046000,0,1727484000,323170000,2109072000,770572000,627629000.0,0,31833000,1430034000,0,42613000,3539106000,0,118000,-1148163000,-1019000.0,2612705000,1463641000,1463641000,5026540000,23793000,5026540000,297270000,783618000,-1671751000,https://www.sec.gov/Archives/edgar/data/1535527/000153552723000008/0001535527-23-000008-index.htm,https://www.sec.gov/Archives/edgar/data/1535527/000153552723000008/crwd-20230131.htm
34,2022-12-31,CSX,USD,0000277948,2023-02-15,2023-02-15 11:55:01,2022,FY,1958000000,129000000,2087000000,1313000000,341000000,1762000000,3849000000,34242000000,319000000,183000000,502000000,2292000000,7569000000.0,-6542000000,38063000000,0,41912000000,1130000000,151000000,111000000,7569000000,-6379000000,2471000000,17896000000,0.0,7569000000,1351000000,26816000000,0,488000000,29287000000,0,2066000000,10363000000,-388000000.0,584000000,12625000000,12625000000,41922000000,10000000,41922000000,2421000000,18047000000,16089000000,https://www.sec.gov/Archives/edgar/data/277948/000027794823000006/0000277948-23-000006-index.htm,https://www.sec.gov/Archives/edgar/data/277948/000027794823000006/csx-20221231.htm
35,2022-12-31,DDOG,USD,0001561550,2023-02-24,2023-02-24 16:11:43,2022,FY,338985000,1545341000,1884326000,399551000,33054000,27303000,2344234000,212975000,348277000,16365000,364642000,0,0.0,83001000,660618000,0,3004852000,23474000,22092000,25818000,543024000,171158000,759748000,815429000,12944000.0,0,6226000,834599000,0,98674000,1594347000,0,3000,-202266000,-12422000.0,1625190000,1410505000,1410505000,3004852000,0,3004852000,1545341000,837521000,498536000,https://www.sec.gov/Archives/edgar/data/1561550/000156155023000006/0001561550-23-000006-index.htm,https://www.sec.gov/Archives/edgar/data/1561550/000156155023000006/ddog-20221231.htm
36,2022-12-31,DXCM,USD,0001093557,2023-02-09,2023-02-09 17:06:55,2022,FY,642300000,1813900000,2456200000,713300000,306700000,192600000,3668800000,1135600000,25700000,173300000,199000000,0,341200000.0,47100000,1722900000,0,5391700000,901800000,793100000,44800000,10100000,134300000,1839300000,1292300000,19000000.0,4900000,104400000,1420600000,0,115100000,3259900000,0,400000,479900000,-11600000.0,1663100000,2131800000,2131800000,5391700000,0,5391700000,1813900000,2085400000,1443100000,https://www.sec.gov/Archives/edgar/data/1093557/000109355723000024/0001093557-23-000024-index.htm,https://www.sec.gov/Archives/edgar/data/1093557/000109355723000024/dxcm-20221231.htm
37,2022-12-31,FANG,USD,0001539838,2023-02-23,2023-02-23 16:27:14,2022,FY,157000000,0,157000000,1006000000,67000000,23000000,1392000000,23759000000,0,0,0,566000000,64000000.0,428000000,24817000000,0,26209000000,127000000,10000000,34000000,64000000,1515000000,1716000000,6238000000,2069000000.0,2069000000,-1573000000,8803000000,0,131000000,10519000000,0,2000000,801000000,-7000000.0,14213000000,15009000000,15009000000,26209000000,681000000,26209000000,566000000,6248000000,6091000000,https://www.sec.gov/Archives/edgar/data/1539838/000153983823000022/0001539838-23-000022-index.htm,https://www.sec.gov/Archives/edgar/data/1539838/000153983823000022/fang-20221231.htm
38,2023-01-28,DLTR,USD,0000935703,2023-03-10,2023-03-10 16:04:41,2023,FY,642800000,0,642800000,0,5449300000,275000000,6367100000,11430200000,1983100000,3100000000,5083100000,0,15000000.0,126700000,16655000000,0,23022100000,1899800000,1449600000,58100000,1105700000,-229900000,4225200000,8676900000,0.0,1105700000,262800000,10045400000,0,6704900000,14270600000,0,2200000,8123000000,-41200000.0,667500000,8751500000,8751500000,23022100000,0,23022100000,0,10126500000,9483700000,https://www.sec.gov/Archives/edgar/data/935703/000093570323000016/0000935703-23-000016-index.htm,https://www.sec.gov/Archives/edgar/data/935703/000093570323000016/dltr-20230128.htm
39,2022-12-31,EBAY,USD,0001065088,2023-02-23,2023-02-23 16:13:45,2022,FY,2154000000,5317000000,7471000000,763000000,0,1056000000,9290000000,1751000000,4262000000,0,4262000000,1797000000,3169000000.0,581000000,11560000000,0,20850000000,261000000,1150000000,226000000,34000000,2826000000,4271000000,8139000000,0.0,2245000000,1042000000,11426000000,0,418000000,15697000000,0,2000000,34315000000,259000000.0,-29423000000,5153000000,5153000000,20850000000,0,20850000000,7114000000,9289000000,7135000000,https://www.sec.gov/Archives/edgar/data/1065088/000106508823000006/0001065088-23-000006-index.htm,https://www.sec.gov/Archives/edgar/data/1065088/000106508823000006/ebay-20221231.htm
40,2023-03-31,EA,USD,0000712515,2023-05-24,2023-05-24 16:19:51,2023,FY,2424000000,343000000,2767000000,684000000,0,518000000,3969000000,549000000,5380000000,618000000,5998000000,0,2462000000.0,481000000,9490000000,0,13459000000,99000000,66000000,607000000,1901000000,1219000000,3285000000,1880000000,0.0,1000000,1000000000,2881000000,0,66000000,6166000000,0,3000000,7357000000,-67000000.0,0,7293000000,7293000000,13459000000,0,13459000000,343000000,1880000000,-544000000,https://www.sec.gov/Archives/edgar/data/712515/000071251523000028/0000712515-23-000028-index.htm,https://www.sec.gov/Archives/edgar/data/712515/000071251523000028/ea-20230331.htm
41,2022-12-31,ENPH,USD,0001463101,2023-02-13,2023-02-10 20:05:59,2022,FY,473244000,1139599000,1612843000,440896000,149708000,60824000,2264271000,132746000,213559000,99541000,313100000,0,204872000.0,169291000,820009000,0,3084280000,125085000,90892000,35998000,90747000,331495000,638219000,1199465000,281613000.0,0,139410000,1620488000,0,5371000,2258707000,0,1000,17335000,-10882000.0,819119000,825573000,825573000,3084280000,0,3084280000,1139599000,1290357000,817113000,https://www.sec.gov/Archives/edgar/data/1463101/000146310123000025/0001463101-23-000025-index.htm,https://www.sec.gov/Archives/edgar/data/1463101/000146310123000025/enph-20221231.htm
42,2022-12-31,EXC,USD,0001109357,2023-02-14,2023-02-14 17:09:56,2022,FY,407000000,0,407000000,3561000000,755000000,2047000000,7336000000,69076000000,6630000000,0,6630000000,232000000,5021000000.0,7054000000,88013000000,0,95349000000,3382000000,4388000000,0,10000000,2831000000,10611000000,35662000000,35000000.0,11250000000,13047000000,59994000000,0,0,70605000000,0,20908000000,4597000000,-638000000.0,-123000000,24744000000,24744000000,95349000000,0,95349000000,232000000,40050000000,39643000000,https://www.sec.gov/Archives/edgar/data/1109357/000110935723000018/0001109357-23-000018-index.htm,https://www.sec.gov/Archives/edgar/data/8192/000110935723000018/exc-20221231.htm
43,2022-12-31,FAST,USD,0000815556,2023-02-07,2023-02-07 12:15:41,2022,FY,230100000,0,230100000,1013200000,1708000000,165400000,3124800000,1253000000,0,0,0,0,83700000.0,87100000,1423800000,0,4548600000,255000000,293700000,40300000,0,241100000,789800000,508400000,0.0,83700000,3500000,595600000,0,247100000,1385400000,0,5700000,3218700000,-64800000.0,3600000,3163200000,3163200000,4548600000,0,4548600000,0,802100000,572000000,https://www.sec.gov/Archives/edgar/data/815556/000081555623000009/0000815556-23-000009-index.htm,https://www.sec.gov/Archives/edgar/data/815556/000081555623000009/fast-20221231.htm
44,2022-12-31,FTNT,USD,0001262039,2023-02-24,2023-02-23 21:22:11,2022,FY,1682900000,528100000,2211000000,1261700000,264600000,73100000,3810400000,898500000,128000000,56000000,184000000,45500000,569400000.0,720200000,2417600000,0,6228000000,243400000,0,67800000,2349300000,485700000,3078400000,990400000,2291000000.0,0,149800000,3431200000,0,0,6509600000,0,800000,-1546400000,-20200000.0,1284200000,-281600000,-281600000,6228000000,0,6228000000,573600000,990400000,-692500000,https://www.sec.gov/Archives/edgar/data/1262039/000126203923000010/0001262039-23-000010-index.htm,https://www.sec.gov/Archives/edgar/data/1262039/000126203923000010/ftnt-20221231.htm
45,2022-12-31,GEHC,USD,0001932393,2023-02-15,2023-02-15 08:46:32,2022,FY,1445000000,0,1445000000,4301000000,2155000000,417000000,8318000000,2314000000,12813000000,1520000000,14333000000,322000000,1550000000.0,702000000,19221000000,0,27539000000,2944000000,15000000,0,1896000000,2336000000,7191000000,8234000000,630000000.0,370000000,1752000000,10986000000,0,386000000,18177000000,0,11235000000,0,-1878000000.0,0,9357000000,9357000000,27539000000,5000000,27539000000,322000000,8249000000,6804000000,https://www.sec.gov/Archives/edgar/data/1932393/000193239323000025/0001932393-23-000025-index.htm,https://www.sec.gov/Archives/edgar/data/1932393/000193239323000025/gehc-20221231.htm
46,2022-12-31,GILD,USD,0000882095,2023-02-22,2023-02-22 16:18:52,2022,FY,5412000000,973000000,7630000000,4777000000,2820000000,1774000000,15227000000,5475000000,8314000000,28894000000,37208000000,1245000000,0.0,4016000000,47944000000,0,63171000000,905000000,2273000000,959000000,0,8059000000,11237000000,22957000000,0.0,2673000000,5095000000,30725000000,0,1179000000,41962000000,0,1000000,15687000000,2000000.0,5519000000,21209000000,21209000000,63140000000,-31000000,63140000000,2218000000,25230000000,19818000000,https://www.sec.gov/Archives/edgar/data/882095/000088209523000007/0000882095-23-000007-index.htm,https://www.sec.gov/Archives/edgar/data/882095/000088209523000007/gild-20221231.htm
47,2022-12-31,GFS,USD,0001709048,2022-12-31,2022-12-30 19:00:00,2022,FY,2352000000,622000000,2974000000,1487000000,1339000000,1487000000,5800000000,10596000000,18000000,345000000,363000000,372000000,292000000.0,418000000,12041000000,0,17841000000,532000000,223000000,0,110000000,2494000000,3359000000,2288000000,294000000.0,26000000,1914000000,4522000000,0,345000000,7881000000,-23934000000,23842000000,-14021000000,92000000.0,23934000000,9913000000,9913000000,17841000000,47000000,17841000000,994000000,2511000000,159000000,,
48,2022-12-31,HON,USD,0000773840,2023-02-10,2023-02-10 14:09:31,2022,FY,9627000000,483000000,10110000000,7440000000,5538000000,1894000000,24982000000,5471000000,17497000000,3222000000,20719000000,945000000,421000000.0,9737000000,37293000000,0,62275000000,6329000000,4447000000,723000000,3555000000,5607000000,19938000000,15123000000,1334000000.0,2093000000,6461000000,25011000000,0,967000000,44949000000,0,958000000,45093000000,-3475000000.0,-25257000000,17319000000,17319000000,62275000000,7000000,62275000000,1428000000,19570000000,9943000000,https://www.sec.gov/Archives/edgar/data/773840/000077384023000013/0000773840-23-000013-index.htm,https://www.sec.gov/Archives/edgar/data/773840/000077384023000013/hon-20221231.htm
49,2022-12-31,IDXX,USD,0000874716,2023-02-16,2023-02-16 17:08:02,2022,FY,112546000,0,112546000,400619000,367823000,220489000,1101477000,649474000,361795000,97672000,459467000,55500000,55215000.0,425632000,1645288000,0,2746765000,110221000,653982000,48547000,37938000,433662000,1235803000,694387000,30862000.0,8150000,168826000,902225000,0,121664000,2138028000,0,10719000,3599529000,-77796000.0,-2923715000,608737000,608737000,2746765000,0,2746765000,55500000,1348369000,1235823000,https://www.sec.gov/Archives/edgar/data/874716/000087471623000006/0000874716-23-000006-index.htm,https://www.sec.gov/Archives/edgar/data/874716/000087471623000006/idxx-20221231.htm
50,2023-01-01,ILMN,USD,0001110803,2023-02-17,2023-02-17 16:06:30,2022,FY,2011000000,26000000,2037000000,671000000,568000000,285000000,3561000000,1744000000,3239000000,3285000000,6524000000,0,0.0,423000000,8691000000,0,12252000000,293000000,1248000000,97000000,245000000,987000000,2773000000,2231000000,0.0,0,649000000,2880000000,0,744000000,5653000000,0,2000000,1142000000,3000000.0,5452000000,6599000000,6599000000,12252000000,0,12252000000,26000000,3479000000,1468000000,https://www.sec.gov/Archives/edgar/data/1110803/000111080323000023/0001110803-23-000023-index.htm,https://www.sec.gov/Archives/edgar/data/1110803/000111080323000023/ilmn-20230101.htm
51,2022-12-31,INTC,USD,0000050863,2022-12-31,2022-12-31 00:00:00,2022,FY,11144000000,17194000000,28338000000,4133000000,13224000000,4667000000,50407000000,80860000000,27591000000,6018000000,33609000000,5912000000,0.0,11315000000,131696000000,0,182103000000,9595000000,4367000000,2251000000,0,18193000000,32155000000,37684000000,0.0,202000000,8776000000,46662000000,0,0,78817000000,0,31580000000,70405000000,-562000000.0,0,101423000000,101423000000,182103000000,1863000000,182103000000,23106000000,42051000000,30907000000,,
52,2022-07-31,INTU,USD,0000896878,2022-09-02,2022-09-02 17:09:05,2022,FY,2796000000,485000000,3281000000,1048000000,0,718000000,5047000000,1437000000,13736000000,7061000000,20797000000,98000000,11000000.0,344000000,22687000000,0,27734000000,737000000,499000000,48000000,1239000000,1155000000,3630000000,6957000000,6000000.0,619000000,81000000,7663000000,0,542000000,11293000000,0,3000000,13581000000,-60000000.0,2917000000,16441000000,16441000000,27734000000,0,27734000000,583000000,7456000000,4660000000,https://www.sec.gov/Archives/edgar/data/896878/000089687822000028/0000896878-22-000028-index.htm,https://www.sec.gov/Archives/edgar/data/896878/000089687822000028/intu-20220731.htm
53,2022-12-31,ISRG,USD,0001035267,2023-02-10,2023-02-10 17:11:19,2022,FY,1581200000,2541000000,6741500000,942100000,893200000,164300000,8576800000,2374200000,348500000,49800000,348500000,2623600000,664600000.0,-1613700000,4397200000,0,12974000000,147000000,0,96100000,438300000,1276100000,1861400000,0,41000000.0,0,398300000,439300000,-439300000,0,1861400000,0,400000,3500100000,-162500000.0,7774600000,11112600000,11112600000,12974000000,70700000,12974000000,5164600000,0,-1581200000,https://www.sec.gov/Archives/edgar/data/1035267/000103526723000019/0001035267-23-000019-index.htm,https://www.sec.gov/Archives/edgar/data/1035267/000103526723000019/isrg-20221231.htm
54,2022-12-31,JD,CNY,0001549802,2022-12-31,2022-12-30 19:00:00,2022,FY,78861000000,141095000000,219956000000,26718000000,77949000000,15156000000,351074000000,88508000000,23123000000,42987000000,66110000000,69252000000,1536000000.0,18770000000,244176000000,0,595250000000,160607000000,19834000000,5926000000,37064000000,49056000000,266561000000,45211000000,1107000000.0,6511000000,1737000000,54566000000,0,22666000000,321127000000,0,0,29304000000,2514000000.0,181548000000,213366000000,213366000000,595250000000,60757000000,595250000000,210347000000,65045000000,-13816000000,,
55,2022-12-31,KDP,USD,0001418135,2023-02-23,2023-02-23 16:09:13,2022,FY,535000000,49000000,535000000,1484000000,1314000000,471000000,3804000000,2491000000,20072000000,23183000000,43255000000,1000000000,35000000.0,1252000000,48033000000,0,51837000000,5206000000,895000000,87000000,0,1975000000,8076000000,11072000000,0.0,5739000000,1825000000,18636000000,0,1616000000,26712000000,0,14000000,3539000000,129000000.0,21444000000,25126000000,25126000000,51837000000,-1000000,51837000000,1049000000,11967000000,11432000000,https://www.sec.gov/Archives/edgar/data/1418135/000141813523000003/0001418135-23-000003-index.htm,https://www.sec.gov/Archives/edgar/data/1418135/000141813523000003/kdp-20221231.htm
56,2022-06-30,KLAC,USD,0000319201,2022-08-05,2022-08-05 16:13:39,2022,FY,1584908000,1123100000,2708008000,1811877000,2146889000,502137000,7168911000,849929000,2320049000,1194414000,3514463000,0,579173000.0,484612000,5428177000,0,12597088000,443338000,32218000,126964000,882706000,1512821000,2871083000,6660718000,124618000.0,658937000,882642000,8326915000,0,113587000,11197998000,-1061798000,1061940000,366882000,-27471000.0,1061798000,1401351000,1401351000,12597088000,-2261000,12597088000,1123100000,6660718000,5075810000,https://www.sec.gov/Archives/edgar/data/319201/000031920122000023/0000319201-22-000023-index.htm,https://www.sec.gov/Archives/edgar/data/319201/000031920122000023/klac-20220630.htm
57,2022-12-31,KHC,USD,0001637459,2023-02-16,2023-02-16 07:50:46,2022,FY,1040000000,0,1040000000,2120000000,3651000000,842000000,7897000000,6740000000,30833000000,42649000000,73482000000,0,10152000000.0,-7758000000,82616000000,0,90513000000,4848000000,837000000,136000000,1477000000,1866000000,9028000000,19233000000,1477000000.0,10152000000,1753000000,32615000000,0,0,41643000000,0,12000000,489000000,-2810000000.0,50987000000,48678000000,48678000000,90513000000,192000000,90513000000,0,20070000000,19030000000,https://www.sec.gov/Archives/edgar/data/1637459/000163745923000009/0001637459-23-000009-index.htm,https://www.sec.gov/Archives/edgar/data/1637459/000163745923000009/khc-20221231.htm
58,2023-03-26,LRCX,USD,0000707549,2023-03-26,2023-03-25 20:00:00,2023,FY,5305648000,63849000,250688000,3262140000,4881935000,5335264000,13730027000,1855117000,0,0,1801819000,0,0.0,1856398000,5513334000,0,19243361000,0,0,885348000,0,4441329000,4441329000,4996920000,0.0,0,1397724000,6394644000,0,0,10835973000,0,0,0,0.0,8407388000,8407388000,8407388000,19243361000,0,19243361000,63849000,4996920000,-308728000,,
59,2022-12-31,LCID,USD,0001811210,2023-02-28,2023-02-28 16:09:35,2022,FY,1735765000,2177231000,3912996000,19542000,834401000,81541000,4912028000,2381936000,0,0,0,529974000,0.0,55300000,2967210000,0,7879238000,229084000,10586000,0,0,697889000,937559000,2073176000,0.0,0,518802000,2591978000,0,91922000,3529537000,0,183000,-7370332000,-11572000.0,11731422000,4349701000,4349701000,7879238000,0,7879238000,2707205000,2083762000,347997000,https://www.sec.gov/Archives/edgar/data/1811210/000162828023005540/0001628280-23-005540-index.htm,https://www.sec.gov/Archives/edgar/data/1811210/000162828023005540/lcid-20221231.htm
60,2023-01-29,LULU,USD,0001397187,2023-03-28,2023-03-28 16:13:10,2023,FY,1154867000,0,1154867000,132906000,1447367000,371578000,3159453000,2239033000,24144000,21961000,46105000,-162447000,162447000.0,162447000,2447585000,0,5607038000,172732000,207972000,174221000,251478000,860016000,1492198000,862362000,0.0,55084000,48595000,966041000,0,1070334000,2458239000,0,611000,2926127000,-252584000.0,474645000,3148799000,3148799000,5607038000,0,5607038000,-162447000,1070334000,-84533000,https://www.sec.gov/Archives/edgar/data/1397187/000139718723000012/0001397187-23-000012-index.htm,https://www.sec.gov/Archives/edgar/data/1397187/000139718723000012/lulu-20230129.htm
61,2022-12-31,MAR,USD,0001048286,2023-02-14,2023-02-14 15:00:35,2022,FY,507000000,0,507000000,2571000000,0,235000000,3313000000,2572000000,8872000000,8747000000,17619000000,335000000,240000000.0,736000000,21502000000,0,24815000000,746000000,684000000,0,1059000000,4850000000,7339000000,10414000000,1059000000.0,313000000,5122000000,16908000000,0,1034000000,24247000000,0,5000000,12342000000,-729000000.0,-11050000000,568000000,568000000,24815000000,0,24815000000,335000000,11098000000,10591000000,https://www.sec.gov/Archives/edgar/data/1048286/000162828023003485/0001628280-23-003485-index.htm,https://www.sec.gov/Archives/edgar/data/1048286/000162828023003485/mar-20221231.htm
62,2023-01-28,MRVL,USD,0001835632,2023-03-09,2023-03-09 16:03:34,2023,FY,911000000,0,911000000,1192200000,1068300000,109600000,3281100000,577400000,11586900000,5102000000,16688900000,36100000,465900000.0,1472700000,19241000000,0,22522100000,465800000,584400000,118400000,45200000,1291300000,2386700000,3907700000,0.0,64200000,526300000,4498200000,0,245400000,6884900000,0,1700000,1123500000,0.0,14512000000,15637200000,15637200000,22522100000,0,22522100000,36100000,4492100000,3581100000,https://www.sec.gov/Archives/edgar/data/1835632/000183563223000013/0001835632-23-000013-index.htm,https://www.sec.gov/Archives/edgar/data/1835632/000183563223000013/mrvl-20230128.htm
63,2022-12-31,MELI,USD,0001099590,2023-02-24,2023-02-24 16:02:21,2022,FY,1910000000,1120000000,3030000000,4780000000,152000000,281000000,10953000000,1649000000,153000000,25000000,178000000,322000000,346000000.0,288000000,2783000000,0,13736000000,1393000000,2273000000,414000000,82000000,4814000000,8562000000,3141000000,13000000.0,106000000,87000000,3347000000,0,656000000,11909000000,0,0,913000000,-464000000.0,1378000000,1827000000,1827000000,13736000000,0,13736000000,1421000000,5414000000,3504000000,https://www.sec.gov/Archives/edgar/data/1099590/000109959023000007/0001099590-23-000007-index.htm,https://www.sec.gov/Archives/edgar/data/1099590/000109959023000007/meli-20221231.htm
64,2022-12-31,META,USD,0001326801,2023-02-02,2023-02-01 20:26:31,2022,FY,14681000000,26057000000,40738000000,13466000000,0,5345000000,59549000000,92191000000,20306000000,897000000,21203000000,6201000000,0.0,6583000000,126178000000,0,185727000000,4990000000,1367000000,2339000000,0,20669000000,27026000000,25224000000,0.0,0,7764000000,32988000000,0,16668000000,60014000000,-64444000000,64444000000,64799000000,-3530000000.0,64444000000,125713000000,125713000000,185727000000,0,185727000000,32258000000,26591000000,11910000000,https://www.sec.gov/Archives/edgar/data/1326801/000132680123000013/0001326801-23-000013-index.htm,https://www.sec.gov/Archives/edgar/data/1326801/000132680123000013/meta-20221231.htm
65,2023-03-31,MCHP,USD,0000827054,2023-05-25,2023-05-25 15:24:21,2023,FY,234000000,0,234000000,1305300000,1324900000,205100000,3069300000,1177900000,6673600000,3369000000,10042600000,0,1623300000.0,457200000,13301000000,0,16370300000,396900000,1398200000,705700000,121400000,1202100000,3118600000,5041700000,0.0,42700000,1653700000,6738100000,0,160100000,9856700000,0,500000,5764100000,-4099999.9999999995,753100000,6513600000,6513600000,16370300000,0,16370300000,0,6439900000,6205900000,https://www.sec.gov/Archives/edgar/data/827054/000082705423000080/0000827054-23-000080-index.htm,https://www.sec.gov/Archives/edgar/data/827054/000082705423000080/mchp-20230331.htm
66,2022-09-01,MU,USD,0000723125,2022-10-07,2022-10-07 14:57:09,2022,FY,8262000000,1069000000,9331000000,5130000000,6663000000,644000000,21781000000,39227000000,1228000000,421000000,1649000000,1647000000,702000000.0,1277000000,44502000000,0,66283000000,2142000000,103000000,420000000,0,5294000000,7539000000,7413000000,589000000.0,0,835000000,8837000000,0,610000000,16376000000,0,123000000,47274000000,-560000000.0,3070000000,49907000000,49907000000,66283000000,0,66283000000,2716000000,7516000000,-746000000,https://www.sec.gov/Archives/edgar/data/723125/000072312522000048/0000723125-22-000048-index.htm,https://www.sec.gov/Archives/edgar/data/723125/000072312522000048/mu-20220901.htm
67,2022-06-30,MSFT,USD,0000789019,2022-07-28,2022-07-28 16:06:19,2022,FY,13931000000,90826000000,104757000000,44261000000,3742000000,16924000000,169684000000,87546000000,67524000000,11298000000,78822000000,6891000000,0.0,21897000000,195156000000,0,364840000000,19000000000,2749000000,4067000000,45538000000,27795000000,95082000000,58521000000,2870000000.0,230000000,41595000000,103216000000,0,11489000000,198298000000,0,86939000000,84281000000,-4678000000.0,0,166542000000,166542000000,364840000000,0,364840000000,97709000000,61270000000,47339000000,https://www.sec.gov/Archives/edgar/data/789019/000156459022026876/0001564590-22-026876-index.htm,https://www.sec.gov/Archives/edgar/data/789019/000156459022026876/msft-10k_20220630.htm
68,2022-12-31,MRNA,USD,0001682852,2023-02-24,2023-02-24 16:03:35,2022,FY,3205000000,6697000000,9902000000,1385000000,949000000,1195000000,13431000000,2139000000,0,0,0,8318000000,982000000.0,988000000,12427000000,0,25858000000,487000000,196000000,48000000,2038000000,2202000000,4923000000,1004000000,673000000.0,0,135000000,1812000000,0,1004000000,6735000000,0,0,18320000000,-370000000.0,1173000000,19123000000,19123000000,25858000000,0,25858000000,15015000000,1200000000,-2005000000,https://www.sec.gov/Archives/edgar/data/1682852/000168285223000011/0001682852-23-000011-index.htm,https://www.sec.gov/Archives/edgar/data/1682852/000168285223000011/mrna-20221231.htm
69,2022-12-31,MDLZ,USD,0001103982,2023-02-03,2023-02-03 12:06:38,2022,FY,1923000000,0,1923000000,3907000000,3381000000,880000000,10091000000,9680000000,23450000000,19710000000,43160000000,4879000000,473000000.0,2878000000,61070000000,0,71161000000,7562000000,2682000000,0,0,6487000000,16731000000,20765000000,0.0,3437000000,3308000000,27510000000,0,514000000,44241000000,0,0,31481000000,-10947000000.0,6349000000,26883000000,26883000000,71161000000,37000000,71161000000,4879000000,23447000000,21524000000,https://www.sec.gov/Archives/edgar/data/1103982/000110398223000006/0001103982-23-000006-index.htm,https://www.sec.gov/Archives/edgar/data/1103982/000110398223000006/mdlz-20221231.htm
70,2022-12-31,MNST,USD,0000865752,2023-03-01,2023-03-01 13:56:13,2022,FY,1307141000,1362314000,2669455000,1016203000,935631000,109823000,4764897000,516897000,1417941000,1220410000,2638351000,61443000,177039000.0,134478000,3528208000,0,8293105000,444265000,0,13317000,43311000,514402000,1001978000,0,223800000.0,0,42286000,266086000,0,0,1268064000,0,3209000,9001173000,-159073000.0,-1820268000,7025041000,7025041000,8293105000,0,8293105000,1423757000,0,-1307141000,https://www.sec.gov/Archives/edgar/data/865752/000110465923027245/0001104659-23-027245-index.htm,https://www.sec.gov/Archives/edgar/data/865752/000110465923027245/mnst-20221231x10k.htm
71,2022-12-31,NFLX,USD,0001065280,2023-01-26,2023-01-26 16:03:50,2022,FY,5147176000,911276000,6058452000,1586898000,-1586898000,3208021000,9266473000,1398257000,0,32736713000,32736713000,0,0.0,5193325000,39328295000,0,48594768000,671513000,0,0,1264661000,5994800000,7930974000,14353076000,0.0,0,5533317000,19886393000,0,0,27817367000,0,4637601000,17181296000,-217306000.0,-824190000,20777401000,20777401000,48594768000,0,48594768000,911276000,14353076000,9205900000,https://www.sec.gov/Archives/edgar/data/1065280/000106528023000035/0001065280-23-000035-index.htm,https://www.sec.gov/Archives/edgar/data/1065280/000106528023000035/nflx-20221231.htm
72,2023-01-29,NVDA,USD,0001045810,2023-02-24,2023-02-24 17:23:43,2023,FY,3389000000,9907000000,13296000000,3827000000,5159000000,791000000,23073000000,4845000000,4372000000,1676000000,6048000000,299000000,3396000000.0,3521000000,18109000000,0,41182000000,1193000000,1250000000,467000000,354000000,3766000000,6563000000,10605000000,218000000.0,247000000,1448000000,12518000000,0,902000000,19081000000,0,2000000,10171000000,-43000000.0,11971000000,22101000000,22101000000,41182000000,0,41182000000,10206000000,11855000000,8466000000,https://www.sec.gov/Archives/edgar/data/1045810/000104581023000017/0001045810-23-000017-index.htm,https://www.sec.gov/Archives/edgar/data/1045810/000104581023000017/nvda-20230129.htm
73,2022-12-31,NXPI,USD,0001413447,2023-03-01,2023-03-01 16:07:30,2022,FY,3845000000,0,3845000000,960000000,1782000000,348000000,6935000000,3105000000,9943000000,1311000000,11254000000,0,0.0,1942000000,16301000000,0,23236000000,1617000000,0,296000000,0,1653000000,3270000000,11165000000,0.0,45000000,1016000000,12226000000,0,0,15496000000,0,56000000,-3975000000,76000000.0,11292000000,7449000000,7449000000,23236000000,291000000,23236000000,0,11165000000,7320000000,https://www.sec.gov/Archives/edgar/data/1413447/000141344723000006/0001413447-23-000006-index.htm,https://www.sec.gov/Archives/edgar/data/1413447/000141344723000006/nxpi-20221231.htm
74,2022-12-31,ORLY,USD,0000898173,2023-02-28,2023-02-28 16:31:13,2022,FY,108583000,0,108583000,470174000,4359126000,110376000,5048259000,6536308000,884445000,0,884445000,0,245347000.0,-86380000,7579720000,0,12627979000,5881157000,366721000,0,175212000,640727000,7063817000,6178309000,0.0,245347000,201258000,6624914000,0,2173377000,13688731000,0,624000,-2375860000,2996000.0,1311488000,-1060752000,-1060752000,12627979000,0,12627979000,0,6545030000,6436447000,https://www.sec.gov/Archives/edgar/data/898173/000089817323000011/0000898173-23-000011-index.htm,https://www.sec.gov/Archives/edgar/data/898173/000089817323000011/orly-20221231x10k.htm
75,2022-12-31,ODFL,USD,0000878927,2023-02-22,2023-02-22 16:29:11,2022,FY,186312000,49355000,235667000,605129000,-605129000,698073000,933740000,3687068000,0,0,0,0,310515000.0,-92713000,3904870000,0,4838610000,106275000,20000000,0,310515000,93003000,529793000,79963000,0.0,310515000,265422000,655900000,0,0,1185693000,0,11022000,3397305000,0.0,244590000,3652917000,3652917000,4838610000,0,4838610000,49355000,99963000,-86349000,https://www.sec.gov/Archives/edgar/data/878927/000095017023003783/0000950170-23-003783-index.htm,https://www.sec.gov/Archives/edgar/data/878927/000095017023003783/odfl-20221231.htm
76,2022-12-31,ON,USD,0001097864,2023-02-06,2023-02-06 10:50:17,2022,FY,2919000000,0,2919000000,842300000,1616800000,351300000,5729400000,3496500000,1577600000,359700000,1937300000,0,376700000.0,438600000,6249100000,0,11978500000,852100000,162000000,34800000,0,1047300000,2061400000,3068700000,0.0,34100000,607300000,3710100000,0,37200000,5771500000,0,6100000,4364400000,-23200000.0,1841200000,6188500000,6188500000,11978500000,18500000,11978500000,0,3230700000,311700000,https://www.sec.gov/Archives/edgar/data/1097864/000162828023002350/0001628280-23-002350-index.htm,https://www.sec.gov/Archives/edgar/data/1097864/000162828023002350/on-20221231.htm
77,2022-12-31,PCAR,USD,0000075362,2023-02-22,2023-02-22 16:07:32,2022,FY,6158900000,1614200000,6158900000,1919800000,2198800000,682000000,10277500000,3468400000,0,0,0,17179600000,0.0,2350000000,22998000000,0,33275500000,7185600000,3265500000,0,7185600000,-10451100000,7185600000,12922800000,0.0,624400000,-624400000,12922800000,0,209200000,20108400000,0,522000000,13402400000,-953400000.0,196100000,13167100000,13167100000,33275500000,0,33275500000,18793800000,16188300000,10029400000,https://www.sec.gov/Archives/edgar/data/75362/000156459023002203/0001564590-23-002203-index.htm,https://www.sec.gov/Archives/edgar/data/75362/000156459023002203/pcar-10k_20221231.htm
78,2022-07-31,PANW,USD,0001327567,2022-09-06,2022-09-06 16:07:52,2022,FY,2118500000,1516000000,3634500000,2142500000,0,637900000,6414900000,599800000,2747700000,384500000,3132200000,1051900000,0.0,1054800000,5838700000,0,12253600000,128000000,3676800000,0,3641200000,860300000,8306300000,276100000,3352800000.0,0,108400000,3737300000,0,276100000,12043600000,0,1932700000,-1667100000,-55600000.0,0,210000000,210000000,12253600000,0,12253600000,2567900000,3952900000,1834400000,https://www.sec.gov/Archives/edgar/data/1327567/000132756722000028/0001327567-22-000028-index.htm,https://www.sec.gov/Archives/edgar/data/1327567/000132756722000028/panw-20220731.htm
79,2022-05-31,PAYX,USD,0000723531,2022-07-15,2022-07-15 16:24:49,2022,FY,370000000,853900000,1223900000,1318200000,0,4039500000,6581600000,480000000,1831500000,224600000,2056100000,5000000,165500000.0,347000000,3053600000,0,9635200000,105700000,8700000,34000000,38400000,5116400000,5269200000,872500000,0.0,165500000,242800000,1280800000,0,74800000,6550000000,0,3600000,1669600000,-133900000.0,1545900000,3085200000,3085200000,9635200000,0,9635200000,858900000,881200000,511200000,https://www.sec.gov/Archives/edgar/data/723531/000095017022012734/0000950170-22-012734-index.htm,https://www.sec.gov/Archives/edgar/data/723531/000095017022012734/payx-20220531.htm
80,2022-12-31,PYPL,USD,0001633917,2023-02-10,2023-02-09 19:38:19,2022,FY,7776000000,3075000000,10851000000,44751000000,17000000,1898000000,57517000000,1730000000,11209000000,788000000,11997000000,5018000000,0.0,2455000000,21200000000,0,78717000000,40233000000,0,813000000,0,4868000000,45101000000,10417000000,0.0,2925000000,0,13342000000,0,0,58443000000,0,0,18954000000,-928000000.0,2248000000,20274000000,20274000000,78717000000,0,78717000000,8093000000,10417000000,2641000000,https://www.sec.gov/Archives/edgar/data/1633917/000163391723000033/0001633917-23-000033-index.htm,https://www.sec.gov/Archives/edgar/data/1633917/000163391723000033/pypl-20221231.htm
81,2022-12-31,PDD,CNY,0001737806,2022-12-31,2022-12-31 00:00:00,2022,FY,34326192000,115112554000,149438746000,6906526000,-6906526000,67179130000,216617876000,2460928000,0,134002000,134002000,0,1045030000.0,16862117000,20502077000,0,237119953000,63316695000,14487787000,6970790000,1389655000,37695343000,116889480000,2446537000,-2446537000.0,13025000,2446537000,2459562000,0,1472818000,119349042000,0,170000,15193035000,3327238000.0,99250468000,117770911000,117770911000,237119953000,0,237119953000,115112554000,16934324000,-17391868000,,
82,2022-12-31,PEP,USD,0000077476,2023-02-09,2023-02-08 18:06:37,2022,FY,4954000000,394000000,5348000000,10163000000,5222000000,806000000,21539000000,24291000000,18202000000,15586000000,33788000000,3073000000,4204000000.0,5292000000,70648000000,0,92187000000,23371000000,3414000000,0,-4390000000,4390000000,26785000000,35657000000,0.0,4133000000,8339000000,48129000000,0,483000000,74914000000,0,23000000,67800000000,-15302000000.0,-35372000000,17149000000,17149000000,92187000000,124000000,92187000000,3467000000,39071000000,34117000000,https://www.sec.gov/Archives/edgar/data/77476/000007747623000007/0000077476-23-000007-index.htm,https://www.sec.gov/Archives/edgar/data/77476/000007747623000007/pep-20221231.htm
83,2022-09-25,QCOM,USD,0000804328,2022-11-02,2022-11-02 16:04:10,2022,FY,2773000000,3609000000,6382000000,5643000000,6341000000,1625000000,20724000000,5168000000,10508000000,1882000000,12390000000,0,1803000000.0,8929000000,28290000000,0,49014000000,3796000000,1945000000,634000000,369000000,5756000000,11866000000,13537000000,144000000.0,0,5454000000,19135000000,0,0,31001000000,0,195000000,17840000000,-22000000.0,0,18013000000,18013000000,49014000000,0,49014000000,3609000000,15482000000,12709000000,https://www.sec.gov/Archives/edgar/data/804328/000080432822000021/0000804328-22-000021-index.htm,https://www.sec.gov/Archives/edgar/data/804328/000080432822000021/qcom-20220925.htm
84,2022-12-31,REGN,USD,0000872589,2023-02-06,2023-02-06 09:23:24,2022,FY,3105900000,4636400000,14334100000,5328700000,2401900000,933000000,22064700000,3763000000,0,915500000,915500000,5406400000,1723700000.0,-4658800000,7149800000,0,29214500000,589200000,720000000,300000,547700000,1992200000,3849100000,2701400000,69800000.0,0,-69800000,2701400000,0,720000000,6550500000,0,100000,23306700000,-238800000.0,-404000000,22664000000,22664000000,29214500000,0,29214500000,10042800000,3421400000,315500000,https://www.sec.gov/Archives/edgar/data/872589/000180422023000008/0001804220-23-000008-index.htm,https://www.sec.gov/Archives/edgar/data/872589/000180422023000008/regn-20221231.htm
85,2023-01-28,ROST,USD,0000745732,2023-03-28,2023-03-27 17:46:00,2023,FY,4551876000,0,4551876000,145694000,2023495000,183654000,6904719000,6279661000,0,0,0,0,217059000000.0,-216826917000,6511744000,0,13416463000,2009924000,655976000,52075000,0,970346000,3636246000,5050471000,0.0,217059000,224104000,5491634000,0,3249937000,9127880000,0,3428000,3049656000,0.0,1235499000,4288583000,4288583000,13416463000,0,13416463000,0,5706447000,1154571000,https://www.sec.gov/Archives/edgar/data/745732/000074573223000013/0000745732-23-000013-index.htm,https://www.sec.gov/Archives/edgar/data/745732/000074573223000013/rost-20230128.htm
86,2022-12-31,SGEN,USD,0001060736,2023-02-15,2023-02-15 17:18:25,2022,FY,319940000,1415130000,1735070000,501912000,427211000,138340000,1735070000,294917000,274671000,237516000,512187000,0,0.0,1132358000,1939462000,0,3674532000,207851000,0,0,0,610553000,818404000,43474000,0.0,0,8835000,52309000,0,43474000,870713000,0,187000,-2154347000,3510000.0,4954469000,2803819000,2803819000,3674532000,0,3674532000,1415130000,43474000,-276466000,https://www.sec.gov/Archives/edgar/data/1060736/000106073623000009/0001060736-23-000009-index.htm,https://www.sec.gov/Archives/edgar/data/1060736/000106073623000009/sgen-20221231.htm
87,2022-12-31,SIRI,USD,0000908937,2023-02-02,2023-02-02 09:58:53,2022,FY,57000000,0,57000000,655000000,0,326000000,1038000000,1814000000,3249000000,3050000000,6299000000,412000000,147000000.0,312000000,8984000000,0,10022000000,1248000000,246000000,0,1322000000,165000000,2981000000,9576000000,81000000.0,565000000,170000000,10392000000,0,370000000,13373000000,0,4000000,-3351000000,-4000000.0,0,-3351000000,-3351000000,10022000000,0,10022000000,412000000,9822000000,9765000000,https://www.sec.gov/Archives/edgar/data/908937/000090893723000006/0000908937-23-000006-index.htm,https://www.sec.gov/Archives/edgar/data/908937/000090893723000006/siri-20221231.htm
88,2022-10-02,SBUX,USD,0000829224,2022-11-18,2022-11-18 16:35:30,2022,FY,2818400000,364500000,3182900000,1175500000,2176600000,386600000,7018700000,14576100000,3283500000,155900000,3439400000,590300000,1799700000.0,554200000,20959700000,0,27978400000,1441400000,3169700000,333800000,1641900000,2898800000,9151800000,20635100000,6279700000.0,0,610500000,27525300000,0,8760900000,36677100000,0,1100000,-8449800000,-463200000.0,205300000,-8706600000,-8706600000,27978400000,7900000,27978400000,954800000,23804800000,20986400000,https://www.sec.gov/Archives/edgar/data/829224/000082922422000058/0000829224-22-000058-index.htm,https://www.sec.gov/Archives/edgar/data/829224/000082922422000058/sbux-20221002.htm
89,2022-10-31,SNPS,USD,0000883241,2022-12-12,2022-12-12 17:28:23,2022,FY,1417608000,147913000,1565521000,796091000,211927000,397617000,3012669000,1042390000,3842234000,386446000,4228680000,1417608000,670653000.0,-953913000,6405418000,0,9418087000,37580000,54274000,46443000,1910822000,771823000,2774499000,602097000,154472000.0,0,327829000,1084398000,0,635547000,3858897000,0,1524000,5534307000,-234277000.0,214171000,5515725000,5515725000,9418087000,43465000,9418087000,147949000,656371000,-761237000,https://www.sec.gov/Archives/edgar/data/883241/000088324122000017/0000883241-22-000017-index.htm,https://www.sec.gov/Archives/edgar/data/883241/000088324122000017/snps-20221031.htm
90,2022-12-31,TMUS,USD,0001283699,2023-02-14,2023-02-14 16:03:54,2022,FY,4507000000,0,4507000000,9568000000,1884000000,2435000000,19067000000,74058000000,12234000000,99306000000,111540000000,0,0.0,6673000000,192271000000,0,211338000000,7213000000,9837000000,1657000000,780000000,6912000000,24742000000,98021000000,0.0,10884000000,8035000000,116940000000,0,35898000000,141682000000,0,0,-223000000,-1046000000.0,70925000000,69656000000,69656000000,211338000000,0,211338000000,0,107858000000,103351000000,https://www.sec.gov/Archives/edgar/data/1283699/000128369923000016/0001283699-23-000016-index.htm,https://www.sec.gov/Archives/edgar/data/1283699/000128369923000016/tmus-20221231.htm
91,2022-12-31,TSLA,USD,0001318605,2023-01-31,2023-01-30 21:29:15,2022,FY,22185000000,5932000000,22185000000,2952000000,12839000000,2941000000,40917000000,36635000000,194000000,593000000,593000000,0,0.0,4193000000,41421000000,0,82338000000,15255000000,1502000000,1235000000,2810000000,7142000000,26709000000,1597000000,2804000000.0,82000000,5248000000,9731000000,0,3703000000,36440000000,0,3000000,12885000000,-361000000.0,32177000000,44704000000,44704000000,82338000000,1194000000,82338000000,5932000000,3099000000,-19086000000,https://www.sec.gov/Archives/edgar/data/1318605/000095017023001409/0000950170-23-001409-index.htm,https://www.sec.gov/Archives/edgar/data/1318605/000095017023001409/tsla-20221231.htm
92,2022-12-31,TXN,USD,0000097476,2023-02-03,2023-02-03 11:07:12,2022,FY,3050000000,6017000000,9067000000,1895000000,2757000000,302000000,14021000000,6876000000,4362000000,152000000,4514000000,0,473000000.0,1323000000,13186000000,0,27207000000,851000000,500000000,189000000,0,1634000000,2985000000,8235000000,0.0,66000000,1344000000,9645000000,0,344000000,12630000000,0,1741000000,50353000000,-254000000.0,-37263000000,14577000000,14577000000,27207000000,0,27207000000,6017000000,8735000000,5685000000,https://www.sec.gov/Archives/edgar/data/97476/000009747623000007/0000097476-23-000007-index.htm,https://www.sec.gov/Archives/edgar/data/97476/000009747623000007/txn-20221231.htm
93,2022-12-31,VRSK,USD,0001442145,2023-02-28,2023-02-28 17:14:35,2022,FY,112500000,0,112500000,334300000,446300000,32000000,925100000,723500000,1676000000,504800000,2180800000,229800000,31700000.0,2870200000,6036000000,0,6961100000,292800000,1422400000,30200000,321700000,282300000,2319200000,2533100000,0.0,145600000,195500000,2874200000,0,219400000,5193400000,0,100000,5999100000,-731200000.0,-3518700000,1749300000,1749300000,6961100000,18400000,6961100000,229800000,3955500000,3843000000,https://www.sec.gov/Archives/edgar/data/1442145/000143774923004945/0001437749-23-004945-index.htm,https://www.sec.gov/Archives/edgar/data/1442145/000143774923004945/vrsk20221231_10k.htm
94,2022-12-31,VRTX,USD,0000875320,2023-02-10,2023-02-10 16:12:03,2022,FY,10504000000,274500000,10778500000,1442200000,460600000,74400000,12681300000,1108400000,1088000000,603600000,1691600000,0,1246900000.0,1422700000,5469600000,0,18150900000,303900000,89400000,123300000,159600000,1877700000,2430600000,471600000,0.0,0,1336000000,1807600000,0,471600000,4238200000,0,2600000,6522800000,800000.0,7386500000,13912700000,13912700000,18150900000,0,18150900000,274500000,561000000,-9943000000,https://www.sec.gov/Archives/edgar/data/875320/000087532023000007/0000875320-23-000007-index.htm,https://www.sec.gov/Archives/edgar/data/875320/000087532023000007/vrtx-20221231.htm
95,2022-08-31,WBA,USD,0001618921,2022-10-13,2022-10-13 16:02:19,2022,FY,1358000000,1114000000,2472000000,5017000000,8353000000,1060000000,16902000000,32988000000,22280000000,10730000000,33010000000,5495000000,1442000000.0,287000000,73222000000,0,90124000000,11255000000,3345000000,84000000,0,7983000000,22583000000,32132000000,0.0,1442000000,3559000000,37133000000,0,23803000000,59716000000,0,12000000,37801000000,-2805000000.0,-5642000000,29366000000,29366000000,90124000000,1042000000,90124000000,6609000000,35477000000,34119000000,https://www.sec.gov/Archives/edgar/data/1618921/000161892122000064/0001618921-22-000064-index.htm,https://www.sec.gov/Archives/edgar/data/1618921/000161892122000064/wba-20220831.htm
96,2022-12-31,WBD,USD,0001437107,2023-02-24,2023-02-24 16:09:13,2022,FY,3731000000,0,3731000000,7611000000,0,2657000000,13999000000,5301000000,34438000000,71634000000,106072000000,0,11014000000.0,-2385000000,120002000000,0,134001000000,1454000000,365000000,0,1694000000,11504000000,15017000000,48634000000,11014000000.0,11014000000,-345000000,70317000000,0,0,85334000000,0,27000000,2205000000,-1523000000.0,46386000000,47095000000,47095000000,134001000000,1572000000,134001000000,0,48999000000,45268000000,https://www.sec.gov/Archives/edgar/data/1437107/000143710723000019/0001437107-23-000019-index.htm,https://www.sec.gov/Archives/edgar/data/1437107/000143710723000019/disca-20221231.htm
97,2023-01-31,WDAY,USD,0001327811,2023-02-27,2023-02-27 16:10:12,2023,FY,1886311000,4235083000,6121394000,1570086000,191054000,225690000,8108224000,1450532000,2840044000,305465000,3145509000,263485000,12650000.0,505838000,5378014000,0,13486238000,153751000,91343000,0,3559393000,823679000,4628166000,3157733000,74540000.0,0,40231000,3272504000,0,273142000,7900670000,0,259000,-3111334000,53051000.0,8643592000,5585568000,5585568000,13486238000,0,13486238000,4498568000,3249076000,1362765000,https://www.sec.gov/Archives/edgar/data/1327811/000132781123000024/0001327811-23-000024-index.htm,https://www.sec.gov/Archives/edgar/data/1327811/000132781123000024/wday-20230131.htm
98,2022-12-31,XEL,USD,0000072903,2023-02-23,2023-02-23 14:54:01,2022,FY,111000000,0,111000000,2478000000,803000000,1419000000,5144000000,49457000000,0,0,0,3234000000,4756000000.0,-1403000000,56044000000,0,61188000000,1804000000,2181000000,569000000,4756000000,-2663000000,6078000000,23851000000,181000000.0,4804000000,9599000000,38435000000,0,1255000000,44513000000,0,1374000000,7239000000,-93000000.0,-8520000000,16675000000,16675000000,61188000000,0,61188000000,3234000000,26032000000,25921000000,https://www.sec.gov/Archives/edgar/data/72903/000007290323000007/0000072903-23-000007-index.htm,https://www.sec.gov/Archives/edgar/data/72903/000007290323000007/xel-20221231.htm
99,2023-01-31,ZM,USD,0001585521,2023-03-03,2023-03-03 11:07:37,2023,FY,1086830000,4325836000,5412666000,557404000,223250000,163092000,6356412000,333727000,122641000,56659000,122641000,398992000,558428000.0,357865000,1771653000,0,8128065000,14414000,22790000,80300000,1266514000,434926000,1738644000,73687000,41932000.0,0,67195000,182814000,0,73687000,1921458000,0,294000,2151818000,-50385000.0,4104880000,6206607000,6206607000,8128065000,0,8128065000,4724828000,96477000,-990353000,https://www.sec.gov/Archives/edgar/data/1585521/000158552123000035/0001585521-23-000035-index.htm,https://www.sec.gov/Archives/edgar/data/1585521/000158552123000035/zm-20230131.htm
100,2022-07-31,ZS,USD,0001713683,2022-09-15,2022-09-15 16:29:56,2022,FY,1013210000,718129000,1731339000,399745000,86210000,39353000,2256647000,232990000,78547000,31819000,110366000,0,0.0,232662000,576018000,0,2832665000,26154000,26100000,0,923749000,158444000,1134447000,1019622000,97374000.0,0,7922000,1124918000,0,77048000,2259365000,0,143000,-991878000,-25850000.0,1590885000,573300000,573300000,2832665000,0,2832665000,718129000,1045722000,32512000,https://www.sec.gov/Archives/edgar/data/1713683/000171368322000081/0001713683-22-000081-index.htm,https://www.sec.gov/Archives/edgar/data/1713683/000171368322000081/zs-20220731.htm
